Workbook

Sheet Working
A1: PARAMETER | B1: YEAR | C1: JAN | D1: FEB | E1: MAR | F1: APR | G1: MAY | H1: JUN | I1: JUL | J1: AUG | K1: SEP | L1: OCT | M1: NOV | N1: DEC | O1: ANN
A2: PRECTOTCORR_SUM (mm) | B2: 2010 | C2: 57.21 | D2: 39.97 | E2: 20.55 | F2: 23.36 | G2: 2.99 | H2: 1.33 | I2: 0.78 | J2: 2.22 | K2: 48.86 | L2: 3.88 | M2: 70.53 | N2: 33.69 | O2: 305.37
A3: PRECTOTCORR_SUM (mm) | B3: 2011 | C3: 32.94 | D3: 4.46 | E3: 6.76 | F3: 7.79 | G3: 2.66 | H3: 2.99 | I3: 7.95 | J3: 9.73 | K3: 14.52 | L3: 48.8 | M3: 36.21 | N3: 6.76 | O3: 181.57 | R3: JAN
A4: PRECTOTCORR_SUM | B4: 2012 | C4: 11.95 | D4: 17.36 | E4: 5.8 | F4: 7.69 | G4: 12.3 | H4: 0 | I4: 0.86 | J4: 1.54 | K4: 2.29 | L4: 65.17 | M4: 48.39 | N4: 18.54 | O4: 191.89 | R4: FEB
A5: PRECTOTCORR_SUM | B5: 2013 | C5: 14.11 | D5: 20.17 | E5: 18.42 | F5: 5.6 | G5: 5.54 | H5: 2.4 | I5: 1.57 | J5: 1.81 | K5: 11.7 | L5: 9.98 | M5: 53.52 | N5: 38.18 | O5: 183 | R5: MAR
A6: PRECTOTCORR_SUM | B6: 2014 | C6: 11.92 | D6: 3.65 | E6: 6.28 | F6: 13.36 | G6: 2.36 | H6: 2.61 | I6: 0.8 | J6: 1.33 | K6: 16.95 | L6: 15.06 | M6: 18.66 | N6: 39.99 | O6: 132.97 | R6: APR
A7: PRECTOTCORR_SUM | B7: 2015 | C7: 7.68 | D7: 19.72 | E7: 13.14 | F7: 2.54 | G7: 3.96 | H7: 1.43 | I7: 1.07 | J7: 13.86 | K7: 8.11 | L7: 27.99 | M7: 16.09 | N7: 4.57 | O7: 120.16 | R7: MAY
A8: PRECTOTCORR_SUM | B8: 2016 | C8: 19.11 | D8: 27.66 | E8: 6.27 | F8: 5.23 | G8: 1.63 | H8: 1.74 | I8: 2.93 | J8: 2.27 | K8: 3.42 | L8: 21.45 | M8: 31.52 | N8: 24.13 | O8: 147.36 | R8: JUN
A9: PRECTOTCORR_SUM | B9: 2017 | C9: 21.95 | D9: 6.16 | E9: 6.31 | F9: 8 | G9: 6.35 | H9: 1 | I9: 0.41 | J9: 4.52 | K9: 9.12 | L9: 17.32 | M9: 35.55 | N9: 13.7 | O9: 130.39 | R9: JUL
A10: PRECTOTCORR_SUM | B10: 2018 | C10: 4.52 | D10: 13.2 | E10: 9.22 | F10: 1.32 | G10: 2.78 | H10: 2.77 | I10: 0.67 | J10: 1.36 | K10: 3.86 | L10: 44.44 | M10: 15.36 | N10: 14.23 | O10: 113.73 | R10: AUG
A11: PRECTOTCORR_SUM | B11: 2019 | C11: 11.95 | D11: 12.25 | E11: 5.18 | F11: 9.38 | G11: 1.44 | H11: 1.18 | I11: 0.85 | J11: 1.03 | K11: 9.5 | L11: 4.9 | M11: 11.73 | N11: 7.18 | O11: 76.57 | R11: SEP
A12: PRECTOTCORR_SUM | B12: 2020 | C12: 3.39 | D12: 7.72 | E12: 4.36 | F12: 4.67 | G12: 1.7 | H12: 18.8 | I12: 1.58 | J12: 0.67 | K12: 23.32 | L12: 15.18 | M12: 23.44 | N12: 21.22 | O12: 126.05 | R12: OCT
A13: PRECTOTCORR_SUM | B13: 2021 | C13: 46.16 | D13: 2.73 | E13: 2.99 | F13: 8.34 | G13: 1.32 | H13: 11.88 | I13: 1.87 | J13: 0.93 | K13: 9.46 | L13: 0.85 | M13: 59.1 | N13: 6.01 | O13: 151.64 | R13: NOV
A14: PRECTOTCORR_SUM | B14: 2022 | C14: 21.32 | D14: 8.62 | E14: 5.59 | F14: 6.63 | G14: 3.92 | H14: 3.51 | I14: 7.83 | J14: 4.21 | K14: 22.4 | L14: 7.57 | M14: 11.4 | N14: 16.3 | O14: 119.3 | R14: DEC
A15: PRECTOTCORR_SUM | B15: 2023 | C15: 6.12 | D15: 2.11 | E15: 2.56 | F15: 3.14 | G15: 0.9 | H15: 15.59 | I15: 0.33 | J15: 6.01 | K15: 3.4 | L15: 10.17 | M15: 14.49 | N15: 9.74 | O15: 74.56
A16: PRECTOTCORR_SUM | B16: 2024 | C16: 22.14 | D16: 11.35 | E16: 1.27 | F16: 3.26 | G16: 6.38 | H16: 4.11 | I16: 0.51 | J16: 0.5 | K16: 11.15 | L16: 9.82 | M16: 28.97 | N16: 25.42 | O16: 124.88
A17: T2M | B17: 2010 | C17: 20.24 | D17: 19.95 | E17: 19.75 | F17: 20.1 | G17: 20.18 | H17: 21.13 | I17: 22.02 | J17: 23.21 | K17: 23.7 | L17: 23.47 | M17: 22.4 | N17: 21.16 | O17: 21.45
A18: T2M | B18: 2011 | C18: 19.46 | D18: 19 | E18: 18.29 | F18: 18.95 | G18: 19.67 | H18: 20.64 | I18: 21.77 | J18: 22.91 | K18: 23.91 | L18: 23.55 | M18: 21.99 | N18: 20.81 | O18: 20.92
A19: T2M | B19: 2012 | C19: 19.36 | D19: 18.23 | E19: 18.25 | F19: 18.77 | G19: 20.42 | H19: 22.71 | I19: 22.99 | J19: 23.99 | K19: 24.82 | L19: 23.99 | M19: 22.21 | N19: 20.71 | O19: 21.38
A20: T2M | B20: 2013 | C20: 19.69 | D20: 19.13 | E20: 19.5 | F20: 19.9 | G20: 20.39 | H20: 20.95 | I20: 22.13 | J20: 23.26 | K20: 23.49 | L20: 23.25 | M20: 22.02 | N20: 20.83 | O20: 21.22
A21: T2M | B21: 2014 | C21: 19.34 | D21: 18.44 | E21: 18.34 | F21: 19.23 | G21: 19.92 | H21: 21.2 | I21: 22.68 | J21: 24 | K21: 24.45 | L21: 23.48 | M21: 21.89 | N21: 20.29 | O21: 21.12
A22: T2M | B22: 2015 | C22: 18.94 | D22: 18.2 | E22: 17.98 | F22: 18.36 | G22: 20.07 | H22: 21.12 | I22: 23.22 | J22: 24.12 | K22: 24.7 | L22: 23.63 | M22: 22.43 | N22: 21.06 | O22: 21.17
A23: T2M | B23: 2016 | C23: 20.4 | D23: 19.32 | E23: 18.77 | F23: 19.41 | G23: 20.12 | H23: 22.16 | I23: 22.39 | J23: 23.39 | K23: 23.77 | L23: 23.21 | M23: 21.63 | N23: 20.56 | O23: 21.27
A24: T2M | B24: 2017 | C24: 19.42 | D24: 19.13 | E24: 18.72 | F24: 19.75 | G24: 20.77 | H24: 21.95 | I24: 22.71 | J24: 23.47 | K24: 23.63 | L24: 23.26 | M24: 22.45 | N24: 20.98 | O24: 21.37
A25: T2M | B25: 2018 | C25: 19.65 | D25: 18.57 | E25: 19 | F25: 18.92 | G25: 19.3 | H25: 20.75 | I25: 22.28 | J25: 23.46 | K25: 23.68 | L25: 23.31 | M25: 21.48 | N25: 20.76 | O25: 20.95
A26: T2M | B26: 2019 | C26: 19.68 | D26: 19.17 | E26: 18.88 | F26: 19.02 | G26: 20.34 | H26: 21.36 | I26: 22.83 | J26: 24.12 | K26: 23.7 | L26: 23.33 | M26: 22.32 | N26: 21.07 | O26: 21.33
... A61: T2M_MIN | B61: 2024 | C61: 19.87 | D61: 19.58 | E61: 18.42 | F61: 18.9 | G61: 19.96 | H61: 21.5 | I61: 21.83 | J61: 23.53 | K61: 22.67 | L61: 21.32 | M61: 21.12 | N61: 19.72 | O61: 18.42

Sheet Dataset
A1: PARAMETER | B1: YEAR | C1: JAN | D1: FEB | E1: MAR | F1: APR | G1: MAY | H1: JUN | I1: JUL | J1: AUG | K1: SEP | L1: OCT | M1: NOV | N1: DEC | O1: ANN
A2: PRECTOTCORR_SUM (mm) | B2: 2010 | C2: 57.21 | D2: 39.97 | E2: 20.55 | F2: 23.36 | G2: 2.99 | H2: 1.33 | I2: 0.78 | J2: 2.22 | K2: 48.86 | L2: 3.88 | M2: 70.53 | N2: 33.69 | O2: 305.37
A3: PRECTOTCORR_SUM (mm) | B3: 2011 | C3: 32.94 | D3: 4.46 | E3: 6.76 | F3: 7.79 | G3: 2.66 | H3: 2.99 | I3: 7.95 | J3: 9.73 | K3: 14.52 | L3: 48.8 | M3: 36.21 | N3: 6.76 | O3: 181.57 | R3: JAN
A4: PRECTOTCORR_SUM | B4: 2012 | C4: 11.95 | D4: 17.36 | E4: 5.8 | F4: 7.69 | G4: 12.3 | H4: 0 | I4: 0.86 | J4: 1.54 | K4: 2.29 | L4: 65.17 | M4: 48.39 | N4: 18.54 | O4: 191.89 | R4: FEB
A5: PRECTOTCORR_SUM | B5: 2013 | C5: 14.11 | D5: 20.17 | E5: 18.42 | F5: 5.6 | G5: 5.54 | H5: 2.4 | I5: 1.57 | J5: 1.81 | K5: 11.7 | L5: 9.98 | M5: 53.52 | N5: 38.18 | O5: 183 | R5: MAR
A6: PRECTOTCORR_SUM | B6: 2014 | C6: 11.92 | D6: 3.65 | E6: 6.28 | F6: 13.36 | G6: 2.36 | H6: 2.61 | I6: 0.8 | J6: 1.33 | K6: 16.95 | L6: 15.06 | M6: 18.66 | N6: 39.99 | O6: 132.97 | R6: APR
A7: PRECTOTCORR_SUM | B7: 2015 | C7: 7.68 | D7: 19.72 | E7: 13.14 | F7: 2.54 | G7: 3.96 | H7: 1.43 | I7: 1.07 | J7: 13.86 | K7: 8.11 | L7: 27.99 | M7: 16.09 | N7: 4.57 | O7: 120.16 | R7: MAY
A8: PRECTOTCORR_SUM | B8: 2016 | C8: 19.11 | D8: 27.66 | E8: 6.27 | F8: 5.23 | G8: 1.63 | H8: 1.74 | I8: 2.93 | J8: 2.27 | K8: 3.42 | L8: 21.45 | M8: 31.52 | N8: 24.13 | O8: 147.36 | R8: JUN
A9: PRECTOTCORR_SUM | B9: 2017 | C9: 21.95 | D9: 6.16 | E9: 6.31 | F9: 8 | G9: 6.35 | H9: 1 | I9: 0.41 | J9: 4.52 | K9: 9.12 | L9: 17.32 | M9: 35.55 | N9: 13.7 | O9: 130.39 | R9: JUL
A10: PRECTOTCORR_SUM | B10: 2018 | C10: 4.52 | D10: 13.2 | E10: 9.22 | F10: 1.32 | G10: 2.78 | H10: 2.77 | I10: 0.67 | J10: 1.36 | K10: 3.86 | L10: 44.44 | M10: 15.36 | N10: 14.23 | O10: 113.73 | R10: AUG
A11: PRECTOTCORR_SUM | B11: 2019 | C11: 11.95 | D11: 12.25 | E11: 5.18 | F11: 9.38 | G11: 1.44 | H11: 1.18 | I11: 0.85 | J11: 1.03 | K11: 9.5 | L11: 4.9 | M11: 11.73 | N11: 7.18 | O11: 76.57 | R11: SEP
A12: PRECTOTCORR_SUM | B12: 2020 | C12: 3.39 | D12: 7.72 | E12: 4.36 | F12: 4.67 | G12: 1.7 | H12: 18.8 | I12: 1.58 | J12: 0.67 | K12: 23.32 | L12: 15.18 | M12: 23.44 | N12: 21.22 | O12: 126.05 | R12: OCT
A13: PRECTOTCORR_SUM | B13: 2021 | C13: 46.16 | D13: 2.73 | E13: 2.99 | F13: 8.34 | G13: 1.32 | H13: 11.88 | I13: 1.87 | J13: 0.93 | K13: 9.46 | L13: 0.85 | M13: 59.1 | N13: 6.01 | O13: 151.64 | R13: NOV
A14: PRECTOTCORR_SUM | B14: 2022 | C14: 21.32 | D14: 8.62 | E14: 5.59 | F14: 6.63 | G14: 3.92 | H14: 3.51 | I14: 7.83 | J14: 4.21 | K14: 22.4 | L14: 7.57 | M14: 11.4 | N14: 16.3 | O14: 119.3 | R14: DEC
A15: PRECTOTCORR_SUM | B15: 2023 | C15: 6.12 | D15: 2.11 | E15: 2.56 | F15: 3.14 | G15: 0.9 | H15: 15.59 | I15: 0.33 | J15: 6.01 | K15: 3.4 | L15: 10.17 | M15: 14.49 | N15: 9.74 | O15: 74.56
A16: PRECTOTCORR_SUM | B16: 2024 | C16: 22.14 | D16: 11.35 | E16: 1.27 | F16: 3.26 | G16: 6.38 | H16: 4.11 | I16: 0.51 | J16: 0.5 | K16: 11.15 | L16: 9.82 | M16: 28.97 | N16: 25.42 | O16: 124.88
A17: T2M | B17: 2010 | C17: 20.24 | D17: 19.95 | E17: 19.75 | F17: 20.1 | G17: 20.18 | H17: 21.13 | I17: 22.02 | J17: 23.21 | K17: 23.7 | L17: 23.47 | M17: 22.4 | N17: 21.16 | O17: 21.45
A18: T2M | B18: 2011 | C18: 19.46 | D18: 19 | E18: 18.29 | F18: 18.95 | G18: 19.67 | H18: 20.64 | I18: 21.77 | J18: 22.91 | K18: 23.91 | L18: 23.55 | M18: 21.99 | N18: 20.81 | O18: 20.92
A19: T2M | B19: 2012 | C19: 19.36 | D19: 18.23 | E19: 18.25 | F19: 18.77 | G19: 20.42 | H19: 22.71 | I19: 22.99 | J19: 23.99 | K19: 24.82 | L19: 23.99 | M19: 22.21 | N19: 20.71 | O19: 21.38
A20: T2M | B20: 2013 | C20: 19.69 | D20: 19.13 | E20: 19.5 | F20: 19.9 | G20: 20.39 | H20: 20.95 | I20: 22.13 | J20: 23.26 | K20: 23.49 | L20: 23.25 | M20: 22.02 | N20: 20.83 | O20: 21.22
A21: T2M | B21: 2014 | C21: 19.34 | D21: 18.44 | E21: 18.34 | F21: 19.23 | G21: 19.92 | H21: 21.2 | I21: 22.68 | J21: 24 | K21: 24.45 | L21: 23.48 | M21: 21.89 | N21: 20.29 | O21: 21.12
A22: T2M | B22: 2015 | C22: 18.94 | D22: 18.2 | E22: 17.98 | F22: 18.36 | G22: 20.07 | H22: 21.12 | I22: 23.22 | J22: 24.12 | K22: 24.7 | L22: 23.63 | M22: 22.43 | N22: 21.06 | O22: 21.17
A23: T2M | B23: 2016 | C23: 20.4 | D23: 19.32 | E23: 18.77 | F23: 19.41 | G23: 20.12 | H23: 22.16 | I23: 22.39 | J23: 23.39 | K23: 23.77 | L23: 23.21 | M23: 21.63 | N23: 20.56 | O23: 21.27
A24: T2M | B24: 2017 | C24: 19.42 | D24: 19.13 | E24: 18.72 | F24: 19.75 | G24: 20.77 | H24: 21.95 | I24: 22.71 | J24: 23.47 | K24: 23.63 | L24: 23.26 | M24: 22.45 | N24: 20.98 | O24: 21.37
A25: T2M | B25: 2018 | C25: 19.65 | D25: 18.57 | E25: 19 | F25: 18.92 | G25: 19.3 | H25: 20.75 | I25: 22.28 | J25: 23.46 | K25: 23.68 | L25: 23.31 | M25: 21.48 | N25: 20.76 | O25: 20.95
A26: T2M | B26: 2019 | C26: 19.68 | D26: 19.17 | E26: 18.88 | F26: 19.02 | G26: 20.34 | H26: 21.36 | I26: 22.83 | J26: 24.12 | K26: 23.7 | L26: 23.33 | M26: 22.32 | N26: 21.07 | O26: 21.33
... A61: T2M_MIN | B61: 2024 | C61: 19.87 | D61: 19.58 | E61: 18.42 | F61: 18.9 | G61: 19.96 | H61: 21.5 | I61: 21.83 | J61: 23.53 | K61: 22.67 | L61: 21.32 | M61: 21.12 | N61: 19.72 | O61: 18.42

Sheet Dec_Data
A1: Year | B1: Month | C1: Rainfall_mm | D1: Avg_Temp | E1: Max_Temp | F1: Month_Num
A2: 2010 | B2: Dec | C2: =Working!N2 -> 33.69 | D2: =Dataset!N17 -> 21.16 | E2: =Working!N32 -> 23.8 | F2: 12
A3: 2011 | B3: Dec | C3: =Working!N3 -> 6.76 | D3: =Dataset!N18 -> 20.81 | E3: =Working!N33 -> 22.05 | F3: 12
A4: 2012 | B4: Dec | C4: =Working!N4 -> 18.54 | D4: =Dataset!N19 -> 20.71 | E4: =Working!N34 -> 22.13 | F4: 12
A5: 2013 | B5: Dec | C5: =Working!N5 -> 38.18 | D5: =Dataset!N20 -> 20.83 | E5: =Working!N35 -> 23.23 | F5: 12
A6: 2014 | B6: Dec | C6: =Working!N6 -> 39.99 | D6: =Dataset!N21 -> 20.29 | E6: =Working!N36 -> 21.68 | F6: 12
A7: 2015 | B7: Dec | C7: =Working!N7 -> 4.57 | D7: =Dataset!N22 -> 21.06 | E7: =Working!N37 -> 22.78 | F7: 12
A8: 2016 | B8: Dec | C8: =Working!N8 -> 24.13 | D8: =Dataset!N23 -> 20.56 | E8: =Working!N38 -> 22.57 | F8: 12
A9: 2017 | B9: Dec | C9: =Working!N9 -> 13.7 | D9: =Dataset!N24 -> 20.98 | E9: =Working!N39 -> 22.55 | F9: 12
A10: 2018 | B10: Dec | C10: =Working!N10 -> 14.23 | D10: =Dataset!N25 -> 20.76 | E10: =Working!N40 -> 21.95 | F10: 12
A11: 2019 | B11: Dec | C11: =Working!N11 -> 7.18 | D11: =Dataset!N26 -> 21.07 | E11: =Working!N41 -> 22.3 | F11: 12
A12: 2020 | B12: Dec | C12: =Working!N12 -> 21.22 | D12: =Dataset!N27 -> 20.44 | E12: =Working!N42 -> 21.79 | F12: 12
A13: 2021 | B13: Dec | C13: =Working!N13 -> 6.01 | D13: =Dataset!N28 -> 20.73 | E13: =Working!N43 -> 22.06 | F13: 12
... A16: 2024 | B16: Dec | C16: =Working!N16 -> 25.42 | D16: =Dataset!N31 -> 21.67 | E16: =Working!N46 -> 23.54 | F16: 12

Sheet Final_data
A1: Year | B1: Month | C1: Month_Num | D1: Rainfall_mm | E1: Avg_Temp | F1: Max_Temp
A2: 2010 | B2: Jan | C2: 1 | D2: 57.21 | E2: 20.24 | F2: 22.32
A3: 2010 | B3: Feb | C3: 2 | D3: 39.97 | E3: 19.95 | F3: 22.3
A4: 2010 | B4: Mar | C4: 3 | D4: 20.55 | E4: 19.75 | F4: 21.41
A5: 2010 | B5: Apr | C5: 4 | D5: 23.36 | E5: 20.1 | F5: 21.67
A6: 2010 | B6: May | C6: 5 | D6: 2.99 | E6: 20.18 | F6: 21.64
A7: 2010 | B7: Jun | C7: 6 | D7: 1.33 | E7: 21.13 | F7: 21.84
A8: 2010 | B8: Jul | C8: 7 | D8: 0.78 | E8: 22.02 | F8: 23.06
A9: 2010 | B9: Aug | C9: 8 | D9: 2.22 | E9: 23.21 | F9: 24.26
A10: 2010 | B10: Sep | C10: 9 | D10: 48.86 | E10: 23.7 | F10: 24.48
A11: 2010 | B11: Oct | C11: 10 | D11: 3.88 | E11: 23.47 | F11: 24.89
A12: 2010 | B12: Nov | C12: 11 | D12: 70.53 | E12: 22.4 | F12: 23.59
A13: 2010 | B13: Dec | C13: 12 | D13: 33.69 | E13: 21.16 | F13: 23.8
... A181: 2024 | B181: Dec | C181: 12 | D181: 25.42 | E181: 21.67 | F181: 23.54

Sheet Nov_Data
A1: Year | B1: Month | C1: Rainfall_mm | D1: Avg_Temp | E1: Max_Temp | F1: Month_Num
A2: 2010 | B2: Nov | C2: =Working!M2 -> 70.53 | D2: =Working!M17 -> 22.4 | E2: =Working!M32 -> 23.59 | F2: 11
A3: 2011 | B3: Nov | C3: =Working!M3 -> 36.21 | D3: =Working!M18 -> 21.99 | E3: =Working!M33 -> 23.76 | F3: 11
A4: 2012 | B4: Nov | C4: =Working!M4 -> 48.39 | D4: =Working!M19 -> 22.21 | E4: =Working!M34 -> 24.84 | F4: 11
A5: 2013 | B5: Nov | C5: =Working!M5 -> 53.52 | D5: =Working!M20 -> 22.02 | E5: =Working!M35 -> 23.26 | F5: 11
A6: 2014 | B6: Nov | C6: =Working!M6 -> 18.66 | D6: =Working!M21 -> 21.89 | E6: =Working!M36 -> 23.37 | F6: 11
A7: 2015 | B7: Nov | C7: =Working!M7 -> 16.09 | D7: =Working!M22 -> 22.43 | E7: =Working!M37 -> 23.76 | F7: 11
A8: 2016 | B8: Nov | C8: =Working!M8 -> 31.52 | D8: =Working!M23 -> 21.63 | E8: =Working!M38 -> 23.13 | F8: 11
A9: 2017 | B9: Nov | C9: =Working!M9 -> 35.55 | D9: =Working!M24 -> 22.45 | E9: =Working!M39 -> 23.76 | F9: 11
A10: 2018 | B10: Nov | C10: =Working!M10 -> 15.36 | D10: =Working!M25 -> 21.48 | E10: =Working!M40 -> 23.37 | F10: 11
A11: 2019 | B11: Nov | C11: =Working!M11 -> 11.73 | D11: =Working!M26 -> 22.32 | E11: =Working!M41 -> 23.97 | F11: 11
A12: 2020 | B12: Nov | C12: =Working!M12 -> 23.44 | D12: =Working!M27 -> 22.13 | E12: =Working!M42 -> 23.85 | F12: 11
A13: 2021 | B13: Nov | C13: =Working!M13 -> 59.1 | D13: =Working!M28 -> 22.52 | E13: =Working!M43 -> 23.52 | F13: 11
... A16: 2024 | B16: Nov | C16: =Working!M16 -> 28.97 | D16: =Working!M31 -> 22.55 | E16: =Working!M46 -> 24.18 | F16: 11

Sheet Oct_Data
A1: Year | B1: Month | C1: Rainfall_mm | D1: Avg_Temp | E1: Max_Temp | F1: Month_Num
A2: 2010 | B2: Oct | C2: =Working!L2 -> 3.88 | D2: =Working!L17 -> 23.47 | E2: =Working!L32 -> 24.89 | F2: 10
A3: 2011 | B3: Oct | C3: =Working!L3 -> 48.8 | D3: =Working!L18 -> 23.55 | E3: =Working!K33 -> 24.79 | F3: 10
A4: 2012 | B4: Oct | C4: =Working!L4 -> 65.17 | D4: =Working!L19 -> 23.99 | E4: =Working!K34 -> 26.15 | F4: 10
A5: 2013 | B5: Oct | C5: =Working!L5 -> 9.98 | D5: =Working!L20 -> 23.25 | E5: =Working!K35 -> 25.25 | F5: 10
A6: 2014 | B6: Oct | C6: =Working!L6 -> 15.06 | D6: =Working!L21 -> 23.48 | E6: =Working!K36 -> 25.8 | F6: 10
A7: 2015 | B7: Oct | C7: =Working!L7 -> 27.99 | D7: =Working!L22 -> 23.63 | E7: =Working!K37 -> 26.33 | F7: 10
A8: 2016 | B8: Oct | C8: =Working!L8 -> 21.45 | D8: =Working!L23 -> 23.21 | E8: =Working!K38 -> 24.45 | F8: 10
A9: 2017 | B9: Oct | C9: =Working!L9 -> 17.32 | D9: =Working!L24 -> 23.26 | E9: =Working!K39 -> 24.21 | F9: 10
A10: 2018 | B10: Oct | C10: =Working!L10 -> 44.44 | D10: =Working!L25 -> 23.31 | E10: =Working!K40 -> 24.77 | F10: 10
A11: 2019 | B11: Oct | C11: =Working!L11 -> 4.9 | D11: =Working!L26 -> 23.33 | E11: =Working!K41 -> 24.94 | F11: 10
A12: 2020 | B12: Oct | C12: =Working!L12 -> 15.18 | D12: =Working!L27 -> 23.39 | E12: =Working!K42 -> 24.81 | F12: 10
A13: 2021 | B13: Oct | C13: =Working!L13 -> 0.85 | D13: =Working!L28 -> 23.26 | E13: =Working!K43 -> 25.69 | F13: 10
A14: 2022 | B14: Oct | C14: =Working!L14 -> 7.57 | D14: =Working!L29 -> 23.42 | E14: =Working!K44 -> 25.46 | F14: 10
... A16: 2024 | B16: Oct | C16: =Working!L16 -> 9.82 | D16: =Working!L31 -> 23.82 | E16: =Working!K46 -> 24.99 | F16: 10

Sheet Sep_Data
A1: Year | B1: Month | C1: Rainfall_mm | D1: Avg_Temp | E1: Max_Temp | F1: Month_Num
A2: 2010 | B2: Sep | C2: =Working!K2 -> 48.86 | D2: =Working!K17 -> 23.7 | E2: =Working!K32 -> 24.48 | F2: 9
A3: 2011 | B3: Sep | C3: =Working!K3 -> 14.52 | D3: =Working!K18 -> 23.91 | E3: =Working!K33 -> 24.79 | F3: 9
A4: 2012 | B4: Sep | C4: =Working!K4 -> 2.29 | D4: =Working!K19 -> 24.82 | E4: =Working!K34 -> 26.15 | F4: 9
A5: 2013 | B5: Sep | C5: =Working!K5 -> 11.7 | D5: =Working!K20 -> 23.49 | E5: =Working!K35 -> 25.25 | F5: 9
A6: 2014 | B6: Sep | C6: =Working!K6 -> 16.95 | D6: =Working!K21 -> 24.45 | E6: =Working!K36 -> 25.8 | F6: 9
A7: 2015 | B7: Sep | C7: =Working!K7 -> 8.11 | D7: =Working!K22 -> 24.7 | E7: =Working!K37 -> 26.33 | F7: 9
A8: 2016 | B8: Sep | C8: =Working!K8 -> 3.42 | D8: =Working!K23 -> 23.77 | E8: =Working!K38 -> 24.45 | F8: 9
A9: 2017 | B9: Sep | C9: =Working!K9 -> 9.12 | D9: =Working!K24 -> 23.63 | E9: =Working!K39 -> 24.21 | F9: 9
A10: 2018 | B10: Sep | C10: =Working!K10 -> 3.86 | D10: =Working!K25 -> 23.68 | E10: =Working!K40 -> 24.77 | F10: 9
A11: 2019 | B11: Sep | C11: =Working!K11 -> 9.5 | D11: =Working!K26 -> 23.7 | E11: =Working!K41 -> 24.94 | F11: 9
A12: 2020 | B12: Sep | C12: =Working!K12 -> 23.32 | D12: =Working!K27 -> 23.8 | E12: =Working!K42 -> 24.81 | F12: 9
A13: 2021 | B13: Sep | C13: =Working!K13 -> 9.46 | D13: =Working!K28 -> 24.5 | E13: =Working!K43 -> 25.69 | F13: 9
... A16: 2024 | B16: Sep | C16: =Working!K16 -> 11.15 | D16: =Working!K31 -> 23.88 | E16: =Working!K46 -> 24.99 | F16: 9

Sheet Aug_Data
A1: Year | B1: Month | C1: Rainfall_mm | D1: Avg_Temp | E1: Max_Temp | F1: Month_Num
A2: 2010 | B2: Aug | C2: =Working!J2 -> 2.22 | D2: =Working!J17 -> 23.21 | E2: =Working!J32 -> 24.26 | F2: 8
A3: 2011 | B3: Aug | C3: =Working!J3 -> 9.73 | D3: =Working!J18 -> 22.91 | E3: =Working!J33 -> 24.02 | F3: 8
A4: 2012 | B4: Aug | C4: =Working!J4 -> 1.54 | D4: =Working!J19 -> 23.99 | E4: =Working!J34 -> 25.43 | F4: 8
A5: 2013 | B5: Aug | C5: =Working!J5 -> 1.81 | D5: =Working!J20 -> 23.26 | E5: =Working!J35 -> 24.41 | F5: 8
A6: 2014 | B6: Aug | C6: =Working!J6 -> 1.33 | D6: =Working!J21 -> 24 | E6: =Working!J36 -> 24.82 | F6: 8
A7: 2015 | B7: Aug | C7: =Working!J7 -> 13.86 | D7: =Working!J22 -> 24.12 | E7: =Working!J37 -> 25.83 | F7: 8
A8: 2016 | B8: Aug | C8: =Working!J8 -> 2.27 | D8: =Working!J23 -> 23.39 | E8: =Working!J38 -> 24.4 | F8: 8
A9: 2017 | B9: Aug | C9: =Working!J9 -> 4.52 | D9: =Working!J24 -> 23.47 | E9: =Working!J39 -> 24.47 | F9: 8
A10: 2018 | B10: Aug | C10: =Working!J10 -> 1.36 | D10: =Working!J25 -> 23.46 | E10: =Working!J40 -> 24.17 | F10: 8
A11: 2019 | B11: Aug | C11: =Working!J11 -> 1.03 | D11: =Working!J26 -> 24.12 | E11: =Working!J41 -> 25.34 | F11: 8
A12: 2020 | B12: Aug | C12: =Working!J12 -> 0.67 | D12: =Working!J27 -> 23.58 | E12: =Working!J42 -> 24.44 | F12: 8
A13: 2021 | B13: Aug | C13: =Working!J13 -> 0.93 | D13: =Working!J28 -> 23.64 | E13: =Working!J43 -> 25.25 | F13: 8
... A16: 2024 | B16: Aug | C16: =Working!J16 -> 0.5 | D16: =Working!J31 -> 24.36 | E16: =Working!J46 -> 25.14 | F16: 8

Sheet Jul_Data
A1: Year | B1: Month | C1: Rainfall_mm | D1: Avg_Temp | E1: Max_Temp | F1: Month_Num
A2: 2010 | B2: Jul | C2: =Working!I2 -> 0.78 | D2: =Working!I17 -> 22.02 | E2: =Working!I32 -> 23.06 | F2: 7
A3: 2011 | B3: Jul | C3: =Working!I3 -> 7.95 | D3: =Working!I18 -> 21.77 | E3: =Working!I33 -> 22.83 | F3: 7
A4: 2012 | B4: Jul | C4: =Working!I4 -> 0.86 | D4: =Working!I19 -> 22.99 | E4: =Working!I34 -> 24.44 | F4: 7
A5: 2013 | B5: Jul | C5: =Working!I5 -> 1.57 | D5: =Working!I20 -> 22.13 | E5: =Working!I35 -> 24.1 | F5: 7
A6: 2014 | B6: Jul | C6: =Working!I6 -> 0.8 | D6: =Working!I21 -> 22.68 | E6: =Working!I36 -> 24.8 | F6: 7
A7: 2015 | B7: Jul | C7: =Working!I7 -> 1.07 | D7: =Working!I22 -> 23.22 | E7: =Working!I37 -> 24.68 | F7: 7
A8: 2016 | B8: Jul | C8: =Working!I8 -> 2.93 | D8: =Working!I23 -> 22.39 | E8: =Working!I38 -> 23.25 | F8: 7
A9: 2017 | B9: Jul | C9: =Working!I9 -> 0.41 | D9: =Working!I24 -> 22.71 | E9: =Working!I39 -> 23.53 | F9: 7
A10: 2018 | B10: Jul | C10: =Working!I10 -> 0.67 | D10: =Working!I25 -> 22.28 | E10: =Working!I40 -> 23.67 | F10: 7
A11: 2019 | B11: Jul | C11: =Working!I11 -> 0.85 | D11: =Working!I26 -> 22.83 | E11: =Working!I41 -> 24.13 | F11: 7
A12: 2020 | B12: Jul | C12: =Working!I12 -> 1.58 | D12: =Working!I27 -> 22.63 | E12: =Working!I42 -> 23.32 | F12: 7
A13: 2021 | B13: Jul | C13: =Working!I13 -> 1.87 | D13: =Working!I28 -> 22.66 | E13: =Working!I43 -> 23.66 | F13: 7
... A16: 2024 | B16: Jul | C16: =Working!I16 -> 0.51 | D16: =Working!I31 -> 23.4 | E16: =Working!I46 -> 25.16 | F16: 7

Sheet Jun_Data
A1: Year | B1: Month | C1: Rainfall_mm | D1: Avg_Temp | E1: Max_Temp | F1: Month_Num
A2: 2010 | B2: Jun | C2: =Working!H2 -> 1.33 | D2: =Working!H17 -> 21.13 | E2: =Working!H32 -> 21.84 | F2: 6
A3: 2011 | B3: Jun | C3: =Working!H3 -> 2.99 | D3: =Working!H18 -> 20.64 | E3: =Working!H33 -> 21.74 | F3: 6
A4: 2012 | B4: Jun | C4: =Working!H4 -> 0 | D4: =Working!H19 -> 22.71 | E4: =Working!H34 -> 24.22 | F4: 6
A5: 2013 | B5: Jun | C5: =Working!H5 -> 2.4 | D5: =Working!H20 -> 20.95 | E5: =Working!H35 -> 22.11 | F5: 6
A6: 2014 | B6: Jun | C6: =Working!H6 -> 2.61 | D6: =Working!H21 -> 21.2 | E6: =Working!H36 -> 22.52 | F6: 6
A7: 2015 | B7: Jun | C7: =Working!H7 -> 1.43 | D7: =Working!H22 -> 21.12 | E7: =Working!H37 -> 23.28 | F7: 6
A8: 2016 | B8: Jun | C8: =Working!H8 -> 1.74 | D8: =Working!H23 -> 22.16 | E8: =Working!H38 -> 23.69 | F8: 6
A9: 2017 | B9: Jun | C9: =Working!H9 -> 1 | D9: =Working!H24 -> 21.95 | E9: =Working!H39 -> 22.95 | F9: 6
A10: 2018 | B10: Jun | C10: =Working!H10 -> 2.77 | D10: =Working!H25 -> 20.75 | E10: =Working!H40 -> 22.84 | F10: 6
A11: 2019 | B11: Jun | C11: =Working!H11 -> 1.18 | D11: =Working!H26 -> 21.36 | E11: =Working!H41 -> 23.53 | F11: 6
A12: 2020 | B12: Jun | C12: =Working!H12 -> 18.8 | D12: =Working!H27 -> 21.82 | E12: =Working!H42 -> 23.04 | F12: 6
A13: 2021 | B13: Jun | C13: =Working!H13 -> 11.88 | D13: =Working!H28 -> 21.25 | E13: =Working!H43 -> 22.41 | F13: 6
... A16: 2024 | B16: Jun | C16: =Working!H16 -> 4.11 | D16: =Working!H31 -> 22.43 | E16: =Working!H46 -> 23.62 | F16: 6

Sheet May_Data
A1: Year | B1: Month | C1: Rainfall_mm | D1: Avg_Temp | E1: Max_Temp | F1: Month_Num
A2: 2010 | B2: May | C2: =Working!G2 -> 2.99 | D2: =Working!G17 -> 20.18 | E2: =Working!G32 -> 21.64 | F2: 5
A3: 2011 | B3: May | C3: =Working!G3 -> 2.66 | D3: =Working!G18 -> 19.67 | E3: =Working!G33 -> 20.82 | F3: 5
A4: 2012 | B4: May | C4: =Working!G4 -> 12.3 | D4: =Working!G19 -> 20.42 | E4: =Working!G34 -> 22.14 | F4: 5
A5: 2013 | B5: May | C5: =Working!G5 -> 5.54 | D5: =Working!G20 -> 20.39 | E5: =Working!G35 -> 22.21 | F5: 5
A6: 2014 | B6: May | C6: =Working!G6 -> 2.36 | D6: =Working!G21 -> 19.92 | E6: =Working!G36 -> 20.96 | F6: 5
A7: 2015 | B7: May | C7: =Working!G7 -> 3.96 | D7: =Working!G22 -> 20.07 | E7: =Working!G37 -> 21.53 | F7: 5
A8: 2016 | B8: May | C8: =Working!G8 -> 1.63 | D8: =Working!G23 -> 20.12 | E8: =Working!G38 -> 21.47 | F8: 5
A9: 2017 | B9: May | C9: =Working!G9 -> 6.35 | D9: =Working!G24 -> 20.77 | E9: =Working!G39 -> 22.29 | F9: 5
A10: 2018 | B10: May | C10: =Working!G10 -> 2.78 | D10: =Working!G25 -> 19.3 | E10: =Working!G40 -> 20.18 | F10: 5
A11: 2019 | B11: May | C11: =Working!G11 -> 1.44 | D11: =Working!G26 -> 20.34 | E11: =Working!G41 -> 21.43 | F11: 5
A12: 2020 | B12: May | C12: =Working!G12 -> 1.7 | D12: =Working!G27 -> 20.54 | E12: =Working!G42 -> 21.74 | F12: 5
A13: 2021 | B13: May | C13: =Working!G13 -> 1.32 | D13: =Working!G28 -> 20.56 | E13: =Working!G43 -> 21.5 | F13: 5
... A16: 2024 | B16: May | C16: =Working!G16 -> 6.38 | D16: =Working!G31 -> 21.21 | E16: =Working!G46 -> 23.16 | F16: 5

Sheet Apr_Data
A1: Year | B1: Month | C1: Rainfall_mm | D1: Avg_Temp | E1: Max_Temp | F1: Month_Num
A2: 2010 | B2: Apr | C2: =Working!F2 -> 23.36 | D2: =Working!F17 -> 20.1 | E2: =Working!F32 -> 21.67 | F2: 4
A3: 2011 | B3: Apr | C3: =Working!F3 -> 7.79 | D3: =Working!F18 -> 18.95 | E3: =Working!F33 -> 20.12 | F3: 4
A4: 2012 | B4: Apr | C4: =Working!F4 -> 7.69 | D4: =Working!F19 -> 18.77 | E4: =Working!F34 -> 20.16 | F4: 4
A5: 2013 | B5: Apr | C5: =Working!F5 -> 5.6 | D5: =Working!F20 -> 19.9 | E5: =Working!F35 -> 22.04 | F5: 4
A6: 2014 | B6: Apr | C6: =Working!F6 -> 13.36 | D6: =Working!F21 -> 19.23 | E6: =Working!F36 -> 20.27 | F6: 4
A7: 2015 | B7: Apr | C7: =Working!F7 -> 2.54 | D7: =Working!F22 -> 18.36 | E7: =Working!F37 -> 20.23 | F7: 4
A8: 2016 | B8: Apr | C8: =Working!F8 -> 5.23 | D8: =Working!F23 -> 19.41 | E8: =Working!F38 -> 21.39 | F8: 4
A9: 2017 | B9: Apr | C9: =Working!F9 -> 8 | D9: =Working!F24 -> 19.75 | E9: =Working!F39 -> 21.62 | F9: 4
A10: 2018 | B10: Apr | C10: =Working!F10 -> 1.32 | D10: =Working!F25 -> 18.92 | E10: =Working!F40 -> 20.21 | F10: 4
A11: 2019 | B11: Apr | C11: =Working!F11 -> 9.38 | D11: =Working!F26 -> 19.02 | E11: =Working!F41 -> 20.05 | F11: 4
A12: 2020 | B12: Apr | C12: =Working!F12 -> 4.67 | D12: =Working!F27 -> 19.94 | E12: =Working!F42 -> 21.32 | F12: 4
A13: 2021 | B13: Apr | C13: =Working!F13 -> 8.34 | D13: =Working!F28 -> 20.19 | E13: =Working!F43 -> 21.91 | F13: 4
... A16: 2024 | B16: Apr | C16: =Working!F16 -> 3.26 | D16: =Working!F31 -> 20.77 | E16: =Working!F46 -> 22.06 | F16: 4

Sheet Mar_Data
A1: Year | B1: Month | C1: Rainfall_mm | D1: Avg_Temp | E1: Max_Temp | F1: Month_Num
A2: 2010 | C2: =Working!E2 -> 20.55 | D2: =Working!E17 -> 19.75 | E2: =Working!E32 -> 21.41 | F2: 3
A3: 2011 | C3: =Working!E3 -> 6.76 | D3: =Working!E18 -> 18.29 | E3: =Working!E33 -> 20.07 | F3: 3
A4: 2012 | C4: =Working!E4 -> 5.8 | D4: =Working!E19 -> 18.25 | E4: =Working!E34 -> 19.78 | F4: 3
A5: 2013 | C5: =Working!E5 -> 18.42 | D5: =Working!E20 -> 19.5 | E5: =Working!E35 -> 20.97 | F5: 3
A6: 2014 | C6: =Working!E6 -> 6.28 | D6: =Working!E21 -> 18.34 | E6: =Working!E36 -> 19.66 | F6: 3
A7: 2015 | C7: =Working!E7 -> 13.14 | D7: =Working!E22 -> 17.98 | E7: =Working!E37 -> 19.17 | F7: 3
A8: 2016 | C8: =Working!E8 -> 6.27 | D8: =Working!E23 -> 18.77 | E8: =Working!E38 -> 19.96 | F8: 3
A9: 2017 | C9: =Working!E9 -> 6.31 | D9: =Working!E24 -> 18.72 | E9: =Working!E39 -> 19.81 | F9: 3
A10: 2018 | C10: =Working!E10 -> 9.22 | D10: =Working!E25 -> 19 | E10: =Working!E40 -> 20.1 | F10: 3
A11: 2019 | C11: =Working!E11 -> 5.18 | D11: =Working!E26 -> 18.88 | E11: =Working!E41 -> 20.03 | F11: 3
A12: 2020 | C12: =Working!E12 -> 4.36 | D12: =Working!E27 -> 19.45 | E12: =Working!E42 -> 20.63 | F12: 3
A13: 2021 | C13: =Working!E13 -> 2.99 | D13: =Working!E28 -> 19.08 | E13: =Working!E43 -> 20.08 | F13: 3
... A16: 2024 | C16: =Working!E16 -> 1.27 | D16: =Working!E31 -> 20.13 | E16: =Working!E46 -> 21.66 | F16: 3

Sheet Feb_Data
A1: Year | B1: Month | C1: Rainfall_mm | D1: Avg_Temp | E1: Max_Temp | F1: Month_Num
A2: 2010 | B2: Feb | C2: =Working!D2 -> 39.97 | D2: =Working!D17 -> 19.95 | E2: =Working!D32 -> 22.3 | F2: 2
A3: 2011 | B3: Feb | C3: =Working!D3 -> 4.46 | D3: =Working!D18 -> 19 | E3: =Working!D33 -> 19.91 | F3: 2
A4: 2012 | B4: Feb | C4: =Working!D4 -> 17.36 | D4: =Working!D19 -> 18.23 | E4: =Working!D34 -> 19.4 | F4: 2
A5: 2013 | B5: Feb | C5: =Working!D5 -> 20.17 | D5: =Working!D20 -> 19.13 | E5: =Working!D35 -> 20.49 | F5: 2
A6: 2014 | B6: Feb | C6: =Working!D6 -> 3.65 | D6: =Working!D21 -> 18.44 | E6: =Working!D36 -> 20.32 | F6: 2
A7: 2015 | B7: Feb | C7: =Working!D7 -> 19.72 | D7: =Working!D22 -> 18.2 | E7: =Working!D37 -> 19.4 | F7: 2
A8: 2016 | B8: Feb | C8: =Working!D8 -> 27.66 | D8: =Working!D23 -> 19.32 | E8: =Working!D38 -> 20.85 | F8: 2
A9: 2017 | B9: Feb | C9: =Working!D9 -> 6.16 | D9: =Working!D24 -> 19.13 | E9: =Working!D39 -> 20.23 | F9: 2
A10: 2018 | B10: Feb | C10: =Working!D10 -> 13.2 | D10: =Working!D25 -> 18.57 | E10: =Working!D40 -> 19.92 | F10: 2
A11: 2019 | B11: Feb | C11: =Working!D11 -> 12.25 | D11: =Working!D26 -> 19.17 | E11: =Working!D41 -> 20.52 | F11: 2
A12: 2020 | B12: Feb | C12: =Working!D12 -> 7.72 | D12: =Working!D27 -> 19.76 | E12: =Working!D42 -> 21.26 | F12: 2
A13: 2021 | B13: Feb | C13: =Working!D13 -> 2.73 | D13: =Working!D28 -> 19.13 | E13: =Working!D43 -> 20.59 | F13: 2
... A16: 2024 | B16: Feb | C16: =Working!D16 -> 11.35 | D16: =Working!D31 -> 21.18 | E16: =Working!D46 -> 22.37 | F16: 2

Sheet Jan_Data
A1: Year | B1: Month | C1: Rainfall_mm | D1: Avg_Temp | E1: Max_Temp | F1: Month_Num
A2: 2010 | B2: Jan | C2: =Working!C2 -> 57.21 | D2: =Working!C17 -> 20.24 | E2: =Working!C32 -> 22.32 | F2: 1
A3: 2011 | B3: Jan | C3: =Working!C3 -> 32.94 | D3: =Working!C18 -> 19.46 | E3: =Working!C33 -> 21.42 | F3: 1
A4: 2012 | B4: Jan | C4: =Working!C4 -> 11.95 | D4: =Working!C19 -> 19.36 | E4: =Working!C34 -> 20.6 | F4: 1
A5: 2013 | B5: Jan | C5: =Working!C5 -> 14.11 | D5: =Working!C20 -> 19.69 | E5: =Working!C35 -> 21.06 | F5: 1
A6: 2014 | B6: Jan | C6: =Working!C6 -> 11.92 | D6: =Working!C21 -> 19.34 | E6: =Working!C36 -> 20.36 | F6: 1
A7: 2015 | B7: Jan | C7: =Working!C7 -> 7.68 | D7: =Working!C22 -> 18.94 | E7: =Working!C37 -> 20.6 | F7: 1
A8: 2016 | B8: Jan | C8: =Working!C8 -> 19.11 | D8: =Working!C23 -> 20.4 | E8: =Working!C38 -> 22.4 | F8: 1
A9: 2017 | B9: Jan | C9: =Working!C9 -> 21.95 | D9: =Working!C24 -> 19.42 | E9: =Working!C39 -> 20.89 | F9: 1
A10: 2018 | B10: Jan | C10: =Working!C10 -> 4.52 | D10: =Working!C25 -> 19.65 | E10: =Working!C40 -> 20.85 | F10: 1
A11: 2019 | B11: Jan | C11: =Working!C11 -> 11.95 | D11: =Working!C26 -> 19.68 | E11: =Working!C41 -> 21.27 | F11: 1
A12: 2020 | B12: Jan | C12: =Working!C12 -> 3.39 | D12: =Working!C27 -> 19.61 | E12: =Working!C42 -> 20.84 | F12: 1
A13: 2021 | B13: Jan | C13: =Working!C13 -> 46.16 | D13: =Working!C28 -> 19.85 | E13: =Working!C43 -> 21.79 | F13: 1
... A16: 2024 | B16: Jan | C16: =Working!C16 -> 22.14 | D16: =Working!C31 -> 21.4 | E16: =Working!C46 -> 23.01 | F16: 1

Sheet Information
A1: -BEGIN HEADER-
A2: NASA/POWER Source Native Resolution Monthly and Annual
A3: Dates (month/day/year): 01/01/2010 through 12/31/2024 in LST
A4: Location: Latitude 27.9757 Longitude -23.1442
A5: Elevation from MERRA-2: Average for 0.5 x 0.625 degree lat/lon region = 0.0 meters
A6: The value for missing source data that cannot be computed or is outside of the sources availability range: -999
A7: Parameter(s):
A8: PRECTOTCORR_SUM MERRA-2 Precipitation Corrected Sum (mm/day)
A9: T2M MERRA-2 Temperature at 2 Meters (C)
A10: T2M_MAX MERRA-2 Temperature at 2 Meters Maximum (C)
A11: T2M_MIN MERRA-2 Temperature at 2 Meters Minimum (C)
A12: -END HEADER-
A17: Data Source | B17: NASA Power
A18: Cleaning method | B18: MaNUAL EXTRACTION BY MONTH
A19: VARIABLES | B19: Rainfall, Avg Temp, Max Temp
